{
  "layer_6_mlp_down_proj": {
    "indices": [
      2566,
      1398,
      1680,
      2704,
      1459,
      514,
      3772,
      885,
      3882,
      1630,
      3790,
      3526,
      3450,
      3711,
      3238,
      3217,
      3364,
      3120,
      35,
      2785,
      2560,
      723,
      2103,
      2401,
      1024,
      1548,
      826,
      1238,
      221,
      3365,
      1094,
      3928,
      2050,
      61,
      1268,
      2944,
      3843,
      1262,
      2843,
      3140,
      1818,
      3175,
      4057,
      3162,
      2609,
      3408,
      1521,
      3904,
      2947,
      2563,
      3022,
      2730,
      1659,
      2608,
      3998,
      1018,
      4072,
      3599,
      2455,
      2357,
      890,
      3888,
      2378,
      273,
      3669,
      2115,
      2987,
      110,
      2589,
      246,
      2816,
      181,
      1496,
      4065,
      268,
      3448,
      455,
      2457,
      810,
      2974,
      1556,
      3325,
      3847,
      3563,
      532,
      1872,
      990,
      137,
      3234,
      2164,
      1282,
      2168,
      1823,
      2853,
      4061,
      1720,
      487,
      11,
      1954,
      1265
    ],
    "scores": [
      2.0689456462860107,
      1.9106292724609375,
      1.8966833353042603,
      1.8769162893295288,
      1.8523436784744263,
      1.8311792612075806,
      1.7917455434799194,
      1.7794227600097656,
      1.7477771043777466,
      1.744044542312622,
      1.723057508468628,
      1.7219898700714111,
      1.703742265701294,
      1.6952970027923584,
      1.6942192316055298,
      1.6834673881530762,
      1.681259036064148,
      1.6532270908355713,
      1.6516478061676025,
      1.651456594467163,
      1.648589849472046,
      1.6422219276428223,
      1.6409646272659302,
      1.625137209892273,
      1.6204379796981812,
      1.6164445877075195,
      1.6150531768798828,
      1.6146572828292847,
      1.613263726234436,
      1.6112568378448486,
      1.610557198524475,
      1.6084476709365845,
      1.6033257246017456,
      1.5914989709854126,
      1.5893133878707886,
      1.586387276649475,
      1.5706422328948975,
      1.5666033029556274,
      1.5634080171585083,
      1.5588757991790771,
      1.5588533878326416,
      1.556342601776123,
      1.5349112749099731,
      1.5343598127365112,
      1.5297596454620361,
      1.524759292602539,
      1.5225411653518677,
      1.50486159324646,
      1.5013458728790283,
      1.4930425882339478,
      1.4835081100463867,
      1.483252763748169,
      1.4754862785339355,
      1.4728883504867554,
      1.4686963558197021,
      1.4676761627197266,
      1.4662023782730103,
      1.4627093076705933,
      1.459228754043579,
      1.4591271877288818,
      1.4566375017166138,
      1.4551187753677368,
      1.4543311595916748,
      1.4501879215240479,
      1.448504090309143,
      1.4434198141098022,
      1.4419313669204712,
      1.4419232606887817,
      1.4388846158981323,
      1.434756875038147,
      1.4344892501831055,
      1.429290771484375,
      1.4248765707015991,
      1.4247448444366455,
      1.4240251779556274,
      1.4229252338409424,
      1.4217828512191772,
      1.420639157295227,
      1.420189619064331,
      1.417297124862671,
      1.4140291213989258,
      1.4110591411590576,
      1.4108439683914185,
      1.406662940979004,
      1.4038010835647583,
      1.4001996517181396,
      1.399884581565857,
      1.399450659751892,
      1.3982294797897339,
      1.398054838180542,
      1.3957507610321045,
      1.3948452472686768,
      1.3925840854644775,
      1.3873043060302734,
      1.3852607011795044,
      1.3851616382598877,
      1.3849140405654907,
      1.3828672170639038,
      1.3821425437927246,
      1.3798936605453491
    ],
    "directions": [
      1.0,
      -1.0,
      -1.0,
      1.0,
      1.0,
      -1.0,
      1.0,
      1.0,
      -1.0,
      1.0,
      -1.0,
      -1.0,
      -1.0,
      -1.0,
      1.0,
      -1.0,
      -1.0,
      -1.0,
      1.0,
      -1.0,
      -1.0,
      1.0,
      1.0,
      -1.0,
      -1.0,
      1.0,
      1.0,
      -1.0,
      1.0,
      1.0,
      -1.0,
      -1.0,
      -1.0,
      1.0,
      -1.0,
      1.0,
      -1.0,
      1.0,
      -1.0,
      -1.0,
      1.0,
      -1.0,
      1.0,
      -1.0,
      -1.0,
      -1.0,
      -1.0,
      1.0,
      -1.0,
      -1.0,
      -1.0,
      -1.0,
      -1.0,
      1.0,
      1.0,
      1.0,
      -1.0,
      -1.0,
      -1.0,
      -1.0,
      -1.0,
      1.0,
      1.0,
      -1.0,
      1.0,
      -1.0,
      1.0,
      -1.0,
      -1.0,
      1.0,
      1.0,
      -1.0,
      -1.0,
      1.0,
      -1.0,
      1.0,
      -1.0,
      1.0,
      -1.0,
      1.0,
      1.0,
      1.0,
      1.0,
      1.0,
      -1.0,
      1.0,
      -1.0,
      -1.0,
      1.0,
      -1.0,
      1.0,
      1.0,
      1.0,
      1.0,
      -1.0,
      -1.0,
      -1.0,
      -1.0,
      -1.0,
      1.0
    ],
    "count": 100
  }
}