{
  "layer_6_mlp_down_proj": {
    "indices": [
      1832,
      1296,
      1398,
      3450,
      3526,
      503,
      35,
      221,
      1459,
      3191,
      3843,
      2889,
      1312,
      2103,
      85,
      1336,
      1630,
      1752,
      514,
      3966,
      2616,
      1972,
      2606,
      1818,
      11,
      3882,
      1607,
      630,
      424,
      1670,
      4004,
      4072,
      2068,
      886,
      1521,
      3275,
      2648,
      3503,
      1217,
      1091,
      1855,
      1238,
      3790,
      766,
      461,
      656,
      287,
      977,
      3772,
      1621,
      453,
      1821,
      1072,
      1820,
      4018,
      3256,
      2890,
      3209,
      2665,
      2019,
      750,
      2793,
      3658,
      2724,
      2509,
      826,
      1450,
      890,
      2177,
      2108,
      91,
      3976,
      2567,
      1395,
      2947,
      2746,
      1728,
      2867,
      1767,
      295,
      4082,
      541,
      3448,
      4068,
      1745,
      3459,
      2563,
      1856,
      137,
      2050,
      983,
      2516,
      1073,
      3970,
      3741,
      1255,
      2164,
      1653,
      2940,
      4042
    ],
    "scores": [
      1.5110294818878174,
      1.3654860258102417,
      1.3105989694595337,
      1.296492099761963,
      1.1419541835784912,
      1.11910879611969,
      1.1173447370529175,
      1.11228346824646,
      1.101225733757019,
      1.1006726026535034,
      1.0982357263565063,
      1.0919080972671509,
      1.0843347311019897,
      1.0837620496749878,
      1.0775182247161865,
      1.0671954154968262,
      1.0575863122940063,
      1.055156946182251,
      1.0510891675949097,
      1.0355074405670166,
      1.035065770149231,
      1.0328174829483032,
      1.0312024354934692,
      1.0248732566833496,
      1.0238609313964844,
      1.0203346014022827,
      1.0201303958892822,
      1.0193827152252197,
      1.0131267309188843,
      1.0120303630828857,
      1.0105299949645996,
      1.0078831911087036,
      1.0076252222061157,
      0.9984957575798035,
      0.9984481930732727,
      0.9932332038879395,
      0.988330602645874,
      0.9842881560325623,
      0.9809982776641846,
      0.9725322127342224,
      0.9718793034553528,
      0.9644566178321838,
      0.9639089107513428,
      0.9634401202201843,
      0.9629638195037842,
      0.9627146124839783,
      0.9586296677589417,
      0.9530062079429626,
      0.9506798982620239,
      0.9403135776519775,
      0.9345522522926331,
      0.9315567016601562,
      0.9306273460388184,
      0.9305950999259949,
      0.9299665093421936,
      0.9285799264907837,
      0.9285429120063782,
      0.9271127581596375,
      0.9232780933380127,
      0.9213207364082336,
      0.9198976159095764,
      0.9178153276443481,
      0.9154725074768066,
      0.914278507232666,
      0.9044141173362732,
      0.9038934111595154,
      0.9024710655212402,
      0.8981909155845642,
      0.8974868655204773,
      0.8971110582351685,
      0.8961576819419861,
      0.8959304094314575,
      0.8943107724189758,
      0.8939042091369629,
      0.8876816630363464,
      0.8872174620628357,
      0.8861554861068726,
      0.8859672546386719,
      0.884442150592804,
      0.884182870388031,
      0.8838375806808472,
      0.8823267817497253,
      0.8757300972938538,
      0.875481903553009,
      0.8752986788749695,
      0.8724962472915649,
      0.870071530342102,
      0.8697182536125183,
      0.8610422611236572,
      0.8604794144630432,
      0.8599842190742493,
      0.8593155741691589,
      0.8558546900749207,
      0.8531050682067871,
      0.8522364497184753,
      0.8486813306808472,
      0.8472688794136047,
      0.8460807204246521,
      0.8447621464729309,
      0.8446412682533264
    ],
    "directions": [
      1.0,
      1.0,
      -1.0,
      -1.0,
      -1.0,
      -1.0,
      1.0,
      1.0,
      1.0,
      1.0,
      -1.0,
      1.0,
      -1.0,
      1.0,
      1.0,
      -1.0,
      1.0,
      1.0,
      -1.0,
      1.0,
      1.0,
      -1.0,
      -1.0,
      1.0,
      -1.0,
      -1.0,
      -1.0,
      1.0,
      -1.0,
      -1.0,
      1.0,
      -1.0,
      -1.0,
      1.0,
      -1.0,
      1.0,
      1.0,
      1.0,
      -1.0,
      1.0,
      1.0,
      -1.0,
      -1.0,
      -1.0,
      1.0,
      1.0,
      -1.0,
      1.0,
      -1.0,
      1.0,
      1.0,
      -1.0,
      -1.0,
      1.0,
      -1.0,
      1.0,
      1.0,
      1.0,
      1.0,
      -1.0,
      -1.0,
      -1.0,
      1.0,
      -1.0,
      1.0,
      1.0,
      1.0,
      -1.0,
      -1.0,
      -1.0,
      1.0,
      -1.0,
      1.0,
      -1.0,
      -1.0,
      -1.0,
      -1.0,
      -1.0,
      1.0,
      1.0,
      1.0,
      1.0,
      1.0,
      1.0,
      1.0,
      1.0,
      -1.0,
      -1.0,
      -1.0,
      -1.0,
      -1.0,
      1.0,
      -1.0,
      1.0,
      -1.0,
      -1.0,
      -1.0,
      1.0,
      -1.0,
      1.0
    ],
    "count": 100
  }
}