{
  "layer_6_mlp_down_proj": {
    "indices": [
      3450,
      1459,
      1398,
      3526,
      3843,
      35,
      3790,
      2103,
      3882,
      514,
      1521,
      221,
      2050,
      4004,
      2606,
      1238,
      11,
      890,
      3998,
      1548,
      3563,
      1268,
      4042,
      2560,
      3503,
      3408,
      2563,
      2940,
      2415,
      65,
      1073,
      826,
      2164,
      1572,
      1630,
      630,
      3783,
      3275,
      3685,
      181,
      3757,
      333,
      2360,
      1851,
      2680,
      3448,
      2096,
      3922,
      3085,
      3022,
      110,
      2068,
      4057,
      2031,
      1217,
      1262,
      976,
      1818,
      1607,
      766,
      1855,
      1562,
      2597,
      2666,
      295,
      1823,
      2724,
      3733,
      2947,
      107,
      2180,
      3741,
      1614,
      2495,
      498,
      2204,
      503,
      578,
      1803,
      2702,
      985,
      2177,
      2374,
      3219,
      3928,
      453,
      960,
      476,
      3512,
      1809,
      3999,
      1834,
      1428,
      796,
      3238,
      3472,
      2254,
      2683,
      486,
      3600
    ],
    "scores": [
      0.014126555994153023,
      0.010264584794640541,
      0.010075120255351067,
      0.00796247273683548,
      0.0076807597652077675,
      0.007653504144400358,
      0.007570614572614431,
      0.007375672925263643,
      0.007349192630499601,
      0.007001915480941534,
      0.005415268242359161,
      0.005146103911101818,
      0.0050237891264259815,
      0.004180958494544029,
      0.003851582296192646,
      0.0037098678294569254,
      0.0035644019953906536,
      0.003501125145703554,
      0.0033738731872290373,
      0.003336403053253889,
      0.0031573621090501547,
      0.0031450267415493727,
      0.003074090229347348,
      0.003016472328454256,
      0.0028674546629190445,
      0.00266286195255816,
      0.00261980970390141,
      0.0025575095787644386,
      0.0024767564609646797,
      0.0022876791190356016,
      0.002276898128911853,
      0.002212086459621787,
      0.002174004213884473,
      0.002132170367985964,
      0.0020120127592235804,
      0.001994307152926922,
      0.0019859089516103268,
      0.0019361565355211496,
      0.0019211126491427422,
      0.001909374725073576,
      0.0018697595223784447,
      0.0018321472452953458,
      0.0018314090557396412,
      0.0018167506204918027,
      0.0018134984420612454,
      0.0017956789815798402,
      0.0017826218390837312,
      0.001780121587216854,
      0.0017030466115102172,
      0.0016841896576806903,
      0.001668127835728228,
      0.0016175112687051296,
      0.001601644791662693,
      0.0015866761095821857,
      0.0015843214932829142,
      0.0015837422106415033,
      0.0015781620750203729,
      0.0014784906525164843,
      0.0014259018935263157,
      0.0014094676589593291,
      0.0013985276455059648,
      0.0013873990392312407,
      0.001371045014820993,
      0.0013675079680979252,
      0.0013625144492834806,
      0.0013530378928408027,
      0.0013385677011683583,
      0.0013116649352014065,
      0.0012919504661113024,
      0.0012832930078729987,
      0.0012779560638591647,
      0.0012718553189188242,
      0.0012503538746386766,
      0.0012240150244906545,
      0.0012199056800454855,
      0.001158294384367764,
      0.0011556659592315555,
      0.0011316639138385653,
      0.0011199332075193524,
      0.0011026727734133601,
      0.0010937257902696729,
      0.0010781841119751334,
      0.0010766059858724475,
      0.001070645754225552,
      0.0010645949514582753,
      0.0010637749219313264,
      0.0010485455859452486,
      0.001041971961967647,
      0.0010326550109311938,
      0.0010193738853558898,
      0.0010192283662036061,
      0.0010169422021135688,
      0.0009981384500861168,
      0.0009969905950129032,
      0.0009740113746374846,
      0.0009735464700497687,
      0.0009532329859212041,
      0.0009490983793511987,
      0.0009410514030605555,
      0.0009394322987645864
    ],
    "directions": [
      -1,
      1,
      -1,
      -1,
      -1,
      1,
      -1,
      1,
      -1,
      -1,
      -1,
      1,
      -1,
      1,
      -1,
      -1,
      -1,
      -1,
      1,
      1,
      1,
      -1,
      1,
      -1,
      1,
      -1,
      -1,
      -1,
      -1,
      -1,
      -1,
      1,
      -1,
      -1,
      1,
      1,
      -1,
      1,
      -1,
      -1,
      -1,
      1,
      1,
      1,
      -1,
      1,
      1,
      -1,
      1,
      -1,
      -1,
      -1,
      1,
      -1,
      -1,
      1,
      1,
      1,
      -1,
      -1,
      1,
      -1,
      -1,
      -1,
      1,
      1,
      -1,
      -1,
      -1,
      -1,
      1,
      -1,
      -1,
      -1,
      1,
      -1,
      -1,
      1,
      -1,
      1,
      -1,
      -1,
      1,
      1,
      -1,
      1,
      -1,
      1,
      1,
      -1,
      1,
      1,
      1,
      -1,
      1,
      1,
      -1,
      -1,
      -1,
      1
    ],
    "count": 100
  }
}